order_id,user_id,order_date,revenue,currency,product_type
11040,,2025-02-09,93.71,USD,basic
10917,386,2025-02-26,34.67,USD,pro
11074,33,2025-01-20,39.3,USD,basic
10056,286,2025-01-01,19.13,USD,basic
11180,127,2025-01-12,34.1,USD,pro
10182,744,2025-02-14,51.83,USD,basic
10631,302,2025-01-14,66.03,USD,basic
10649,275,2025-02-10,20.2,USD,pro
10148,8,2025-01-06,43.47,USD,basic
10902,790,2025-02-22,15.3,USD,pro
10587,532,2025-02-13,-2.94,EUR,basic
10094,696,2025-01-19,17.34,USD,basic
11083,690,2025-02-21,110.02,USD,basic
10398,770,2025-01-02,-5.83,EUR,basic
10492,905,2025-02-12,19.67,USD,basic
10138,338,2025-02-01,48.63,EUR,basic
10239,770,2025-02-15,9.72,USD,pro
10066,889,2025-02-25,2.93,USD,basic
10051,875,2025-02-08,36.98,USD,basic
10257,964,2025-01-14,34.18,EUR,pro
10233,370,2025-02-09,65.83,USD,basic
11091,765,2025-01-10,-53.46,USD,basic
10313,970,2025-02-12,32.48,USD,pro
10198,138,2025-01-31,14.86,USD,basic
10361,154,2025-01-05,21.53,EUR,basic
10019,818,2025-01-11,23.47,USD,basic
10036,327,2025-01-01,8.08,USD,pro
10072,117,2025-01-10,19.88,USD,pro
11187,987,2025-01-04,29.21,USD,pro
10922,552,2025-01-23,64.78,EUR,basic
10575,637,2025-01-02,13.37,USD,enterprise
10158,653,2025-02-19,17.3,USD,basic
10599,8,2025-01-26,27.68,EUR,basic
10971,996,2025-02-03,5.82,EUR,basic
10384,579,2025-02-27,106.61,USD,pro
10660,434,2025-02-08,14.03,USD,basic
10010,788,2025-01-08,12.09,USD,basic
10839,915,2025-02-01,10.64,USD,basic
10692,762,2025-01-24,29.08,USD,pro
10060,102,2025-01-29,24.07,USD,pro
10288,191,2025-01-23,57.97,USD,pro
10274,230,2025-02-20,0.3,USD,basic
10541,327,2025-01-19,18.94,USD,basic
10016,226,2025-01-30,30.38,USD,basic
10731,180,2025-01-17,12.35,USD,basic
10690,764,2025-01-31,12.58,USD,pro
11192,17,2025-02-15,29.1,USD,pro
11119,672,2025-02-10,0.0,USD,basic
10682,985,2025-01-14,-4.68,USD,basic
10358,660,2025-02-22,26.05,USD,pro
10733,830,2025-01-31,9.24,EUR,basic
10068,962,2025-01-24,38.61,USD,pro
10434,281,2025-01-15,19.52,USD,enterprise
10477,201,2025-01-27,24.4,USD,pro
10653,107,2025-01-20,-8.5,USD,pro
10985,997,2025-02-19,8.97,USD,basic
10468,980,2025-01-20,39.52,USD,basic
11138,592,2025-01-25,15.43,USD,basic
10734,637,2025-02-11,10.68,EUR,enterprise
10308,531,2025-01-06,18.11,USD,basic
10836,280,2025-01-07,17.26,USD,pro
10132,470,2025-01-21,50.96,USD,basic
10471,186,2025-02-10,78.15,USD,basic
10333,102,2025-01-09,24.92,USD,pro
11095,102,2025-01-13,6.48,USD,pro
10729,601,2025-01-06,37.24,EUR,pro
10092,834,2025-02-06,14.76,USD,basic
10946,143,2025-02-12,11.03,USD,basic
11064,645,2025-02-08,62.04,USD,basic
10262,391,2025-01-13,29.69,USD,pro
10565,,2025-01-26,63.19,USD,basic
10334,279,2025-01-14,28.59,USD,basic
10285,730,2025-01-22,18.17,USD,basic
10221,342,2025-01-08,27.28,USD,basic
10725,367,2025-02-18,47.46,USD,basic
10622,60,2025-01-14,13.87,USD,pro
10234,546,2025-01-05,5.78,EUR,enterprise
10994,920,2025-02-23,10.07,USD,pro
10073,816,2025-01-11,12.16,USD,basic
10516,948,2025-01-17,12.82,USD,basic
10070,367,2025-01-31,39.09,USD,basic
10901,133,2025-01-19,7.42,USD,pro
10485,584,2025-01-13,20.71,USD,basic
10849,,2025-01-03,0.0,USD,pro
10001,255,2025-01-15,47.61,USD,pro
10254,352,2025-02-04,19.15,EUR,basic
10832,411,2025-01-27,31.15,USD,basic
10792,844,2025-02-09,38.7,USD,basic
10146,812,2025-02-09,55.07,USD,enterprise
10424,950,2025-02-01,8.4,USD,pro
11037,30,2025-01-03,23.29,USD,basic
10460,432,2025-02-10,24.17,USD,basic
10720,957,2025-01-10,16.14,USD,pro
10919,240,2025-02-17,39.65,USD,basic
10654,150,2025-02-07,20.64,USD,basic
10752,161,2025-01-22,14.29,USD,pro
10615,669,2025-01-19,12.18,USD,basic
10668,201,2025-01-09,12.5,USD,basic
10428,420,2025-01-05,90.08,USD,basic
10018,125,2025-02-07,12.33,USD,enterprise
10365,164,2025-02-23,44.11,USD,pro
10370,90,2025-02-11,0.0,USD,basic
10317,221,2025-01-06,13.41,EUR,pro
10291,436,2025-01-30,3.56,EUR,basic
11145,607,2025-02-26,5.45,USD,basic
10992,891,2025-01-10,50.88,USD,basic
10828,132,2025-01-07,30.04,USD,basic
10104,15,2025-01-25,-25.0,USD,pro
10972,824,2025-02-10,8.99,USD,basic
10450,343,2025-02-27,-30.58,EUR,basic
10167,480,2025-02-01,29.7,USD,basic
11114,351,2025-02-12,12.69,EUR,pro
11153,659,2025-02-26,22.53,USD,basic
10656,88,2025-02-11,29.74,USD,basic
10810,313,2025-02-05,17.91,EUR,enterprise
10469,879,2025-02-16,18.79,USD,pro
10795,744,2025-03-01,22.35,EUR,basic
11105,860,2025-01-18,37.9,USD,pro
10326,747,2025-01-07,25.25,USD,basic
10858,894,2025-01-02,64.93,USD,pro
11056,3,2025-02-09,10.82,USD,basic
10347,950,2025-01-19,24.6,USD,basic
10292,698,2025-01-23,-11.5,USD,basic
10525,746,2025-01-09,41.18,USD,basic
10577,659,2025-02-19,21.03,USD,pro
10550,908,2025-01-13,16.11,USD,basic
10445,915,2025-01-03,25.3,USD,enterprise
11165,,2025-01-01,19.11,USD,basic
10862,713,2025-01-18,34.29,EUR,basic
10366,929,2025-01-28,36.19,USD,pro
10853,569,2025-01-16,0.0,USD,pro
11000,504,2025-01-22,22.36,USD,enterprise
10014,855,2025-02-26,33.0,EUR,basic
10247,929,2025-01-26,30.2,USD,basic
11005,792,2025-02-16,37.3,USD,basic
10425,580,2025-02-07,62.56,USD,basic
10037,494,2025-02-21,8.01,USD,basic
10567,394,2025-02-07,39.86,USD,basic
10142,978,2025-01-27,14.11,USD,basic
10988,966,2025-02-27,-14.64,USD,basic
11177,461,2025-01-17,77.98,EUR,basic
10048,626,2025-01-16,77.05,USD,basic
10952,157,2025-02-27,15.48,USD,basic
10183,998,2025-02-01,8.51,USD,basic
10106,977,2025-02-28,5.02,USD,basic
10868,987,2025-01-04,36.06,USD,pro
11126,11,2025-02-03,17.86,USD,pro
10932,996,2025-02-07,28.72,USD,basic
10538,13,2025-02-22,16.94,USD,basic
10963,174,2025-01-27,8.55,USD,pro
10451,521,2025-01-03,13.31,USD,pro
10717,,2025-01-03,108.19,USD,basic
11024,591,2025-01-20,56.46,USD,pro
11134,762,2025-01-01,42.75,USD,basic
10203,,2025-01-18,15.54,USD,basic
10231,694,2025-02-11,18.6,USD,pro
10083,302,2025-01-12,48.89,USD,pro
11029,743,2025-01-07,112.4,USD,basic
10414,379,2025-01-05,30.73,USD,basic
10155,5,2025-02-12,28.31,USD,basic
10086,739,2025-01-07,9.04,USD,basic
10911,860,2025-01-30,137.09,USD,pro
11194,281,2025-03-01,56.43,USD,basic
10286,813,2025-01-20,5.37,USD,basic
10778,994,2025-01-24,45.6,USD,pro
10938,331,2025-01-10,65.07,USD,basic
10950,395,2025-01-31,26.87,EUR,basic
10980,306,2025-01-23,9.52,EUR,enterprise
10761,170,2025-02-08,5.38,USD,pro
10185,673,2025-01-07,-11.71,USD,basic
10790,666,2025-02-16,13.45,USD,pro
10715,325,2025-02-11,19.2,USD,basic
11001,414,2025-01-23,8.38,EUR,basic
10621,29,2025-01-27,25.58,USD,basic
10466,119,2025-01-06,46.44,EUR,pro
10057,544,2025-01-03,46.0,USD,basic
10046,764,2025-02-11,17.88,USD,basic
11173,462,2025-01-04,96.15,USD,basic
10924,57,2025-01-12,28.31,USD,pro
10610,312,2025-02-07,19.6,USD,pro
10495,921,2025-02-25,-2.27,USD,basic
10829,138,2025-01-05,33.14,USD,basic
10205,,2025-02-03,27.58,USD,basic
10881,550,2025-01-18,73.35,USD,basic
11076,299,2025-02-26,23.42,USD,basic
10293,294,2025-02-16,21.57,USD,basic
10740,997,2025-01-09,45.83,USD,pro
11048,679,2025-01-17,39.83,USD,basic
10554,456,2025-02-14,23.42,USD,pro
10642,325,2025-02-06,10.54,USD,basic
10245,759,2025-01-29,48.4,USD,basic
11198,39,2025-02-17,16.24,USD,enterprise
10218,833,2025-01-14,83.92,USD,basic
10606,879,2025-01-24,23.55,USD,basic
10217,195,2025-01-22,41.78,USD,basic
10903,593,2025-02-07,64.81,USD,pro
11149,318,2025-02-26,12.34,USD,pro
11158,651,2025-01-30,11.53,USD,basic
10058,81,2025-02-17,25.3,USD,basic
10774,696,2025-02-22,34.14,USD,pro
10189,639,2025-01-23,8.46,USD,basic
10990,465,2025-01-14,7.64,USD,basic
11014,994,2025-02-05,-9.52,USD,basic
10711,884,2025-02-11,34.19,USD,basic
10998,973,2025-02-07,37.21,USD,basic
10732,917,2025-02-24,22.43,EUR,basic
11059,584,2025-01-27,0.0,USD,pro
11166,957,2025-02-27,25.49,USD,basic
10173,327,2025-01-01,40.43,USD,pro
10872,455,2025-02-18,18.52,USD,basic
11008,1,2025-02-17,69.64,USD,basic
10736,837,2025-01-10,61.93,USD,enterprise
10857,212,2025-02-09,11.37,USD,pro
11164,113,2025-01-29,-6.05,USD,basic
10543,636,2025-01-29,39.28,USD,basic
10679,478,2025-01-24,13.12,USD,basic
10004,242,2025-02-20,16.87,USD,basic
10039,783,2025-02-27,15.08,USD,pro
10808,971,2025-01-30,29.84,USD,pro
10876,498,2025-01-31,52.55,USD,basic
10340,200,2025-01-30,-24.15,USD,basic
10186,166,2025-02-13,62.04,USD,basic
10794,,2025-02-14,-16.95,USD,pro
10760,193,2025-01-19,32.83,EUR,basic
10139,653,2025-02-26,36.15,USD,basic
10797,230,2025-02-21,11.5,USD,pro
10487,393,2025-02-06,26.49,USD,basic
10568,739,2025-01-26,5.09,USD,basic
11017,624,2025-01-17,47.26,USD,basic
10267,532,2025-01-22,16.28,USD,basic
11141,273,2025-01-16,4.27,USD,basic
10617,9,2025-01-02,6.47,USD,basic
10843,514,2025-01-10,24.42,USD,basic
10745,103,2025-02-21,34.97,USD,basic
10168,508,2025-02-19,29.74,USD,basic
10118,792,2025-01-18,26.0,USD,pro
10232,145,2025-01-19,10.03,USD,basic
10227,246,2025-02-21,89.53,USD,basic
10684,752,2025-01-25,15.17,USD,basic
11188,554,2025-02-21,28.06,USD,pro
10294,696,2025-02-21,59.98,USD,basic
10222,187,2025-02-28,12.64,USD,pro
11067,807,2025-02-16,17.31,EUR,basic
10371,30,2025-02-09,7.21,USD,pro
10558,700,2025-01-10,15.92,USD,pro
10708,868,2025-02-01,65.97,EUR,basic
10150,998,2025-01-18,-15.44,USD,enterprise
10400,88,2025-01-22,0.0,USD,basic
10184,82,2025-02-10,34.44,USD,basic
10710,979,2025-01-30,14.53,USD,basic
10281,682,2025-01-26,13.15,EUR,basic
10559,259,2025-01-25,26.78,USD,basic
10813,13,2025-02-13,18.48,EUR,basic
11026,116,2025-02-02,18.8,USD,pro
10430,342,2025-02-02,-18.87,USD,pro
10665,237,2025-02-22,42.54,EUR,basic
10783,563,2025-01-26,9.12,USD,basic
10403,817,2025-01-24,7.78,USD,pro
11081,180,2025-02-18,11.54,USD,basic
10437,116,2025-02-16,14.2,USD,basic
10154,661,2025-02-14,29.11,USD,basic
10928,123,2025-01-13,35.12,USD,pro
10063,159,2025-02-13,36.14,USD,basic
10113,729,2025-02-27,-8.93,USD,basic
11010,539,2025-01-20,41.05,USD,basic
10442,176,2025-01-16,36.64,EUR,basic
11070,455,2025-01-21,32.55,EUR,basic
11015,772,2025-01-13,-17.2,USD,basic
10102,591,2025-02-05,8.53,USD,basic
10328,797,2025-01-26,9.14,USD,pro
10533,903,2025-02-09,60.51,USD,basic
10130,971,2025-01-19,10.3,EUR,basic
10369,184,2025-01-18,30.68,USD,basic
10496,181,2025-01-12,16.58,EUR,pro
11060,490,2025-02-09,17.16,USD,enterprise
10923,58,2025-01-04,8.56,USD,basic
10856,871,2025-02-04,0.0,USD,basic
10278,165,2025-02-27,46.93,USD,basic
11122,138,2025-01-25,46.16,USD,pro
10685,260,2025-02-01,22.06,USD,basic
10265,228,2025-02-01,10.14,EUR,basic
11075,824,2025-02-21,49.97,USD,pro
10502,607,2025-01-07,15.12,USD,basic
10165,107,2025-02-26,18.68,USD,basic
10846,508,2025-02-10,59.92,USD,enterprise
10612,68,2025-02-21,75.55,USD,basic
10475,183,2025-02-07,19.37,USD,pro
10331,593,2025-02-15,39.03,EUR,basic
10339,281,2025-02-22,48.31,USD,basic
10458,421,2025-01-06,22.49,USD,basic
10915,627,2025-01-18,9.03,USD,basic
10415,540,2025-01-13,34.38,USD,pro
10965,888,2025-01-26,61.39,USD,basic
10054,834,2025-02-18,28.05,EUR,basic
10776,649,2025-02-13,32.77,USD,basic
10027,552,2025-01-03,-6.57,USD,basic
11197,740,2025-02-02,41.55,USD,basic
10634,61,2025-02-04,29.78,USD,pro
10735,213,2025-02-22,47.61,USD,basic
11133,756,2025-01-27,-13.61,EUR,basic
10504,690,2025-02-05,38.46,EUR,pro
10047,678,2025-01-25,24.7,USD,basic
10842,366,2025-01-11,60.13,EUR,basic
10429,902,2025-02-16,40.18,USD,pro
10422,688,2025-02-27,5.88,USD,pro
10547,652,2025-02-14,-3.46,USD,pro
10584,160,2025-01-08,23.81,USD,basic
10323,921,2025-02-13,10.15,EUR,basic
11077,307,2025-01-09,21.96,USD,basic
10711,884,2025-02-11,34.19,USD,basic
10464,797,2025-02-12,0.0,USD,enterprise
10703,811,2025-01-30,19.23,EUR,basic
11013,637,2025-01-05,20.69,USD,basic
11079,728,2025-01-27,3.64,USD,basic
10869,61,2025-02-12,3.83,USD,pro
10746,125,2025-01-24,20.73,USD,pro
10420,395,2025-01-26,51.54,USD,pro
11189,102,2025-01-02,14.52,EUR,basic
10831,423,2025-02-11,14.44,USD,basic
10392,856,2025-02-11,31.35,USD,basic
10578,92,2025-01-22,0.0,EUR,basic
10867,3,2025-01-07,0.0,USD,pro
10079,601,2025-01-24,42.86,EUR,basic
10269,308,2025-02-26,26.01,USD,basic
10564,,2025-02-08,6.09,USD,enterprise
10003,995,2025-01-09,20.74,USD,enterprise
10652,679,2025-01-27,13.01,USD,basic
11087,,2025-01-31,11.11,USD,pro
11124,890,2025-01-04,26.93,USD,basic
10196,359,2025-01-09,3.1,EUR,pro
11113,559,2025-01-17,38.46,USD,basic
11125,446,2025-01-03,11.62,USD,pro
11053,611,2025-02-20,6.89,USD,pro
10352,630,2025-01-03,-8.65,USD,basic
10011,264,2025-02-04,9.91,USD,enterprise
10026,605,2025-01-28,37.5,USD,basic
10312,293,2025-02-26,41.04,EUR,basic
10505,214,2025-01-10,42.76,USD,basic
10402,512,2025-02-02,42.74,USD,pro
10337,913,2025-02-18,38.61,USD,basic
10546,349,2025-01-17,32.85,USD,pro
10255,665,2025-02-19,8.71,USD,basic
11159,,2025-02-27,36.7,USD,basic
10716,177,2025-01-12,16.8,USD,pro
10984,411,2025-02-24,7.35,USD,pro
10816,508,2025-01-02,19.96,USD,basic
10180,303,2025-01-27,23.34,USD,pro
10095,689,2025-02-23,-28.59,EUR,basic
10779,910,2025-02-20,46.84,USD,basic
10121,818,2025-02-12,13.9,USD,pro
11186,758,2025-01-02,16.38,USD,basic
10299,544,2025-01-06,53.09,USD,enterprise
10603,461,2025-01-18,19.15,EUR,basic
10225,18,2025-02-15,22.47,USD,basic
10382,653,2025-01-08,17.9,USD,basic
10302,580,2025-02-04,8.5,USD,basic
10465,,2025-02-25,6.46,USD,enterprise
10427,934,2025-01-02,22.33,USD,pro
10235,502,2025-01-27,33.9,EUR,pro
11112,903,2025-01-21,14.5,USD,basic
10556,217,2025-02-12,9.81,USD,pro
11104,987,2025-01-03,20.65,USD,basic
10360,759,2025-01-03,2.83,USD,pro
10880,867,2025-01-21,15.41,USD,basic
10159,215,2025-02-04,22.77,USD,pro
10645,936,2025-01-17,23.44,USD,basic
11018,812,2025-01-26,41.04,USD,pro
10090,175,2025-01-04,17.39,USD,basic
10032,957,2025-01-05,15.53,USD,basic
10211,700,2025-01-03,15.0,USD,pro
11016,637,2025-02-21,42.44,USD,basic
10619,,2025-02-27,21.64,USD,basic
10769,360,2025-02-19,74.19,EUR,basic
10226,178,2025-01-15,50.88,USD,basic
10116,71,2025-01-17,53.72,USD,basic
10670,417,2025-01-10,17.51,USD,basic
10376,978,2025-01-20,17.39,USD,basic
10043,356,2025-02-19,15.71,USD,basic
10613,703,2025-01-13,36.32,USD,pro
10321,114,2025-01-24,12.45,USD,basic
10966,844,2025-02-12,80.56,EUR,pro
10698,566,2025-02-15,46.2,USD,basic
10925,31,2025-03-01,0.0,USD,basic
11175,689,2025-01-25,25.18,USD,basic
10338,748,2025-01-25,-8.41,USD,pro
10958,274,2025-01-08,13.08,EUR,basic
10169,951,2025-02-22,28.24,USD,basic
10676,,2025-01-28,34.74,USD,basic
10244,874,2025-01-15,-8.77,USD,basic
10134,570,2025-02-27,1.12,USD,basic
10962,854,2025-02-20,28.02,USD,basic
10187,286,2025-02-13,4.39,USD,pro
10825,108,2025-02-23,-18.49,USD,basic
10620,484,2025-02-08,6.61,EUR,basic
11028,,2025-01-16,42.98,USD,basic
10884,612,2025-02-03,-24.2,USD,basic
10194,53,2025-01-26,37.23,USD,basic
11132,17,2025-01-26,7.78,USD,basic
10306,635,2025-01-30,30.03,USD,basic
10640,127,2025-02-18,25.59,USD,basic
10681,580,2025-02-25,4.37,USD,basic
10301,613,2025-01-10,29.62,USD,basic
11115,938,2025-02-28,11.39,USD,basic
10893,99,2025-02-25,37.11,USD,basic
11022,,2025-02-26,121.39,USD,enterprise
10395,740,2025-01-16,44.12,USD,pro
10199,507,2025-01-02,28.36,USD,basic
10754,80,2025-01-05,23.68,USD,basic
10351,834,2025-02-07,-13.3,USD,basic
10097,363,2025-02-24,28.92,USD,pro
10728,452,2025-01-14,30.07,USD,pro
10472,12,2025-01-11,31.36,USD,basic
11043,916,2025-01-05,-0.62,EUR,basic
10399,693,2025-02-12,13.59,USD,basic
10023,702,2025-02-03,23.26,USD,basic
10597,958,2025-01-20,76.67,USD,pro
11072,170,2025-01-01,25.92,USD,basic
10133,825,2025-01-21,36.2,USD,basic
10598,958,2025-02-03,36.93,USD,basic
10765,752,2025-02-15,16.86,EUR,basic
10440,490,2025-01-22,19.06,USD,basic
10380,977,2025-01-29,58.25,USD,pro
10953,996,2025-02-28,45.34,USD,basic
10637,777,2025-01-14,7.88,USD,pro
10981,424,2025-02-11,40.19,USD,basic
10463,356,2025-02-27,19.53,USD,basic
10157,68,2025-01-08,63.75,USD,basic
10684,752,2025-01-25,15.17,USD,basic
11003,579,2025-01-11,26.52,USD,basic
10514,966,2025-02-17,-4.75,USD,basic
10569,533,2025-02-01,3.15,EUR,pro
11030,329,2025-01-30,65.61,USD,basic
10724,614,2025-01-16,39.03,USD,basic
11117,455,2025-01-02,83.97,USD,pro
10786,450,2025-01-31,26.53,USD,basic
10515,796,2025-02-28,16.12,EUR,basic
10507,585,2025-01-16,16.06,USD,basic
10589,96,2025-02-21,1.78,USD,basic
10756,906,2025-01-05,13.04,USD,basic
10248,249,2025-01-27,26.7,USD,enterprise
10954,139,2025-01-03,-19.39,USD,pro
10664,644,2025-02-07,29.14,USD,basic
11199,254,2025-02-08,16.62,USD,basic
10866,117,2025-02-11,22.54,USD,basic
11181,344,2025-01-15,6.09,EUR,basic
10551,585,2025-01-29,5.16,USD,basic
10177,90,2025-01-26,13.03,USD,pro
10228,829,2025-01-06,18.89,USD,basic
10658,735,2025-02-06,11.91,USD,pro
11062,43,2025-02-15,1.48,USD,pro
10777,462,2025-01-26,7.57,USD,enterprise
10823,346,2025-02-15,-21.87,USD,basic
10974,224,2025-01-21,0.0,USD,pro
10035,69,2025-02-28,29.33,USD,pro
10576,948,2025-01-22,30.91,USD,enterprise
10861,298,2025-02-24,36.53,EUR,basic
10303,713,2025-01-21,27.95,USD,basic
10405,673,2025-01-21,55.16,EUR,pro
10590,858,2025-02-08,31.97,USD,basic
10499,592,2025-02-25,78.15,EUR,basic
11090,,2025-02-08,27.84,USD,enterprise
10781,354,2025-01-23,16.58,USD,basic
10263,288,2025-01-29,12.78,USD,basic
10162,1000,2025-01-25,53.78,USD,basic
11131,79,2025-02-17,26.25,USD,basic
10743,,2025-01-02,31.97,USD,basic
10669,26,2025-02-08,21.96,USD,basic
10651,619,2025-01-09,22.55,USD,pro
10040,367,2025-01-19,6.3,USD,basic
10346,468,2025-01-31,5.75,USD,basic
10932,996,2025-02-07,28.72,USD,basic
10367,884,2025-02-10,27.86,USD,pro
10979,295,2025-02-10,13.33,USD,pro
10410,637,2025-01-08,61.57,USD,basic
10174,14,2025-01-04,9.61,USD,basic
10557,1,2025-01-08,22.78,USD,basic
10250,397,2025-01-03,12.93,USD,basic
10950,395,2025-01-31,26.87,EUR,basic
10286,813,2025-01-20,5.37,USD,basic
11121,780,2025-02-07,27.27,USD,basic
10930,808,2025-01-04,9.08,USD,basic
10764,927,2025-01-23,82.43,USD,pro
10351,834,2025-02-07,-13.3,USD,basic
10261,495,2025-02-11,22.61,USD,basic
10151,758,2025-01-10,21.64,USD,basic
10282,397,2025-01-13,50.76,EUR,basic
11025,233,2025-02-08,117.32,EUR,basic
10362,916,2025-02-28,60.45,USD,basic
10718,890,2025-01-15,39.1,USD,pro
10523,416,2025-02-01,29.66,USD,basic
11110,943,2025-02-21,32.28,USD,basic
10112,702,2025-01-18,5.26,USD,basic
10283,533,2025-01-07,46.09,USD,basic
10522,758,2025-02-23,25.78,USD,basic
10220,381,2025-01-18,23.17,USD,basic
11135,776,2025-02-13,0.0,USD,basic
11118,171,2025-01-25,32.1,EUR,pro
10089,983,2025-02-18,33.08,EUR,basic
10726,435,2025-02-15,3.76,USD,basic
10609,748,2025-02-07,10.18,USD,basic
11154,421,2025-02-01,34.49,USD,pro
11019,968,2025-02-21,27.52,USD,basic
10208,889,2025-01-24,-2.85,EUR,pro
10147,832,2025-02-10,47.06,EUR,enterprise
10061,385,2025-01-15,6.56,USD,basic
10341,223,2025-02-14,26.43,USD,basic
10937,550,2025-01-09,23.96,USD,basic
10986,980,2025-01-10,23.62,USD,basic
10949,820,2025-01-25,14.99,EUR,basic
10107,914,2025-02-23,38.7,USD,basic
11054,93,2025-02-24,-52.4,USD,basic
10266,581,2025-01-22,14.06,USD,basic
11174,355,2025-01-12,32.29,USD,enterprise
10618,239,2025-01-18,19.37,EUR,basic
10814,845,2025-01-27,28.42,USD,basic
10851,176,2025-01-14,28.89,USD,basic
10386,690,2025-01-02,14.87,USD,pro
11161,735,2025-02-23,38.81,USD,basic
10646,484,2025-01-13,5.27,USD,basic
10821,132,2025-02-13,8.76,EUR,pro
10224,971,2025-01-15,4.04,USD,basic
11032,319,2025-01-12,30.28,USD,basic
10407,,2025-01-18,34.22,USD,basic
11045,,2025-01-26,46.78,USD,basic
11096,66,2025-01-18,75.25,USD,basic
10899,782,2025-01-04,71.02,USD,enterprise
10005,970,2025-01-30,49.99,USD,pro
11179,745,2025-01-06,24.1,USD,basic
10763,188,2025-01-04,17.64,USD,basic
10013,821,2025-02-04,0.0,EUR,basic
10991,200,2025-02-05,-21.16,USD,basic
10626,148,2025-01-09,25.94,USD,basic
10534,489,2025-01-11,23.54,EUR,basic
10860,61,2025-02-03,8.39,EUR,pro
10549,887,2025-02-06,9.47,EUR,basic
11094,509,2025-01-28,44.4,USD,basic
10702,843,2025-01-04,20.6,USD,basic
10891,30,2025-01-27,8.8,USD,basic
10542,709,2025-01-05,1.68,USD,pro
10607,320,2025-02-11,14.72,USD,basic
10188,538,2025-01-14,30.17,USD,basic
10433,963,2025-01-19,31.41,USD,basic
10540,987,2025-02-21,43.16,EUR,basic
10873,154,2025-03-01,42.67,USD,basic
10921,926,2025-02-12,43.71,USD,basic
10819,299,2025-01-24,45.53,USD,pro
10889,406,2025-01-30,-23.92,USD,basic
10785,,2025-02-14,32.62,USD,basic
11127,731,2025-02-11,22.67,USD,basic
10796,232,2025-02-21,10.86,USD,basic
10537,625,2025-02-13,25.5,USD,pro
10161,826,2025-01-27,40.08,EUR,basic
11033,711,2025-02-12,14.46,USD,pro
10135,195,2025-02-06,25.2,USD,basic
10944,599,2025-01-10,16.46,USD,basic
10493,860,2025-02-08,90.97,USD,pro
10108,753,2025-02-16,29.19,USD,basic
10506,,2025-01-29,4.02,USD,basic
10762,628,2025-02-20,25.96,USD,pro
10899,782,2025-01-04,71.02,USD,enterprise
10982,764,2025-01-05,12.15,USD,basic
10579,112,2025-02-27,37.59,EUR,basic
10176,886,2025-02-18,39.18,USD,pro
10572,542,2025-02-21,27.34,USD,basic
10343,51,2025-02-28,-17.62,USD,basic
10315,711,2025-01-25,-2.61,USD,pro
10801,312,2025-01-26,22.86,USD,basic
10811,955,2025-02-22,21.68,EUR,basic
11168,239,2025-01-15,46.65,EUR,basic
10253,128,2025-03-01,11.85,USD,basic
10571,99,2025-01-28,9.72,USD,pro
10693,287,2025-02-04,35.99,USD,basic
11068,98,2025-01-10,-16.31,USD,basic
10009,964,2025-01-30,27.97,USD,basic
10535,442,2025-02-06,-36.21,USD,basic
10890,,2025-02-02,21.12,USD,pro
10585,561,2025-01-04,13.46,USD,basic
10560,441,2025-02-28,12.39,USD,pro
10581,237,2025-02-15,-0.72,USD,pro
10459,526,2025-02-07,23.1,USD,basic
10409,,2025-01-05,27.76,USD,pro
10509,525,2025-01-21,0.0,USD,basic
10249,87,2025-01-03,6.92,USD,basic
10149,531,2025-01-24,9.55,USD,basic
10353,997,2025-02-16,24.97,USD,basic
10322,978,2025-01-12,40.49,USD,basic
10926,175,2025-02-18,-2.67,USD,basic
10983,2,2025-01-09,31.97,USD,basic
10625,549,2025-01-08,38.9,USD,basic
10319,310,2025-01-02,16.01,EUR,basic
11170,338,2025-02-02,14.95,USD,enterprise
10109,102,2025-02-18,31.5,EUR,basic
11160,271,2025-01-10,30.1,USD,pro
10236,884,2025-01-10,-27.97,USD,basic
11157,,2025-02-05,-30.43,USD,basic
10055,357,2025-01-05,22.95,USD,pro
10960,984,2025-01-05,11.94,USD,pro
10989,,2025-01-10,4.5,USD,basic
10006,169,2025-02-13,70.68,USD,basic
11120,310,2025-01-19,37.1,USD,basic
10240,409,2025-01-14,-8.6,USD,pro
10327,863,2025-02-23,26.22,EUR,basic
10826,31,2025-01-27,113.21,EUR,pro
10747,401,2025-01-18,85.73,USD,basic
10105,562,2025-02-28,46.32,USD,basic
10082,284,2025-02-20,14.25,USD,basic
10324,771,2025-02-23,17.83,USD,basic
10049,643,2025-01-17,11.1,USD,basic
11082,782,2025-02-25,62.84,USD,basic
10667,456,2025-02-09,44.99,USD,basic
11093,380,2025-01-28,60.94,USD,basic
11027,832,2025-01-30,42.05,USD,pro
11178,744,2025-02-27,44.83,USD,basic
10453,962,2025-01-30,9.41,USD,basic
10596,618,2025-02-09,14.88,USD,basic
11034,238,2025-02-09,9.53,USD,basic
10123,120,2025-01-25,71.43,USD,basic
10128,570,2025-02-13,39.73,USD,basic
11162,249,2025-02-27,-7.67,USD,basic
10389,828,2025-01-23,-13.65,USD,pro
10216,275,2025-02-24,50.14,EUR,pro
10156,653,2025-02-03,19.54,EUR,basic
10074,750,2025-01-18,25.08,USD,basic
10680,949,2025-02-07,20.42,USD,pro
10476,312,2025-01-26,43.9,USD,pro
10078,550,2025-01-16,7.17,USD,basic
10349,158,2025-01-06,16.25,USD,pro
10486,735,2025-01-25,19.23,USD,basic
10085,661,2025-02-11,39.83,EUR,basic
10168,508,2025-02-19,29.74,USD,basic
10704,776,2025-02-13,35.78,EUR,basic
10510,675,2025-02-07,26.98,USD,pro
10076,597,2025-01-28,12.97,USD,pro
10300,796,2025-01-23,10.76,USD,pro
10332,710,2025-02-08,19.44,USD,enterprise
10145,573,2025-01-10,45.4,USD,basic
10242,726,2025-02-27,33.14,USD,basic
10289,161,2025-02-17,35.69,USD,pro
10907,480,2025-01-09,11.47,USD,pro
11184,175,2025-01-14,70.46,USD,pro
11101,511,2025-01-05,22.96,EUR,pro
10780,191,2025-02-28,31.95,USD,basic
10207,,2025-02-14,29.86,USD,pro
11042,,2025-01-21,6.27,USD,pro
10456,699,2025-01-27,24.01,USD,basic
11057,697,2025-01-28,52.2,USD,basic
10755,585,2025-01-02,40.31,USD,basic
10841,765,2025-02-14,14.96,USD,basic
10883,180,2025-02-16,54.1,USD,pro
10246,131,2025-02-24,54.92,USD,basic
10632,726,2025-01-27,39.57,USD,pro
10900,923,2025-02-22,6.58,USD,pro
10586,290,2025-01-15,63.45,USD,basic
10134,570,2025-02-27,1.12,USD,basic
10071,43,2025-01-20,37.29,USD,pro
10712,489,2025-02-12,9.96,USD,basic
10696,,2025-02-24,110.93,USD,basic
11146,,2025-01-13,49.47,USD,pro
10630,366,2025-02-21,66.72,USD,basic
10963,174,2025-01-27,8.55,USD,pro
10191,286,2025-01-01,25.78,USD,basic
10008,600,2025-01-28,5.99,USD,basic
10648,420,2025-01-14,3.46,EUR,pro
10033,197,2025-01-13,13.77,USD,basic
10871,720,2025-02-28,26.08,USD,pro
10111,438,2025-01-03,36.86,USD,basic
10629,43,2025-02-04,11.24,USD,basic
10638,77,2025-02-21,24.01,USD,basic
10773,914,2025-02-16,25.77,USD,basic
10964,236,2025-02-14,45.19,USD,basic
11116,257,2025-02-25,70.63,EUR,basic
10296,738,2025-02-08,22.23,USD,basic
10020,180,2025-01-20,19.24,USD,basic
10940,622,2025-01-01,3.27,USD,pro
10730,371,2025-02-11,66.78,USD,pro
10657,717,2025-01-22,48.42,USD,basic
11061,477,2025-01-01,18.48,USD,basic
10290,706,2025-01-14,14.74,USD,basic
10758,357,2025-02-01,73.84,USD,enterprise
11020,186,2025-02-13,52.96,EUR,basic
10143,140,2025-02-28,7.83,EUR,enterprise
10948,30,2025-02-28,52.66,USD,pro
10446,873,2025-02-25,17.55,USD,basic
10870,181,2025-01-16,43.6,USD,basic
10276,131,2025-01-19,3.32,USD,pro
10934,778,2025-01-08,32.09,USD,pro
10961,867,2025-02-25,63.85,USD,basic
10588,551,2025-02-15,50.34,USD,pro
10999,532,2025-02-17,48.47,USD,basic
10604,804,2025-02-21,14.42,USD,pro
10943,187,2025-01-08,27.73,USD,basic
10212,858,2025-02-24,55.85,USD,basic
10886,296,2025-01-27,38.49,EUR,pro
11151,2,2025-02-07,22.48,EUR,basic
10594,,2025-01-09,38.97,USD,pro
10759,787,2025-02-13,-8.0,USD,basic
10478,407,2025-02-27,9.58,USD,basic
10223,964,2025-02-07,19.76,EUR,basic
10197,646,2025-01-16,4.99,EUR,basic
10441,796,2025-01-17,12.32,USD,enterprise
10206,,2025-01-29,56.63,USD,basic
10532,900,2025-01-02,3.99,USD,basic
10193,736,2025-02-10,44.07,USD,basic
10355,250,2025-02-24,53.19,USD,basic
10479,170,2025-02-27,20.66,USD,pro
10694,860,2025-01-30,45.43,USD,basic
10166,102,2025-02-08,41.7,USD,basic
10888,448,2025-02-13,0.0,EUR,basic
10243,584,2025-02-18,34.27,USD,basic
10852,193,2025-02-22,22.23,USD,basic
11031,335,2025-01-02,27.45,USD,basic
11169,,2025-01-03,57.98,USD,enterprise
11129,199,2025-02-18,15.67,USD,basic
11128,35,2025-01-10,38.62,USD,basic
11065,996,2025-01-18,69.29,USD,basic
11052,477,2025-01-02,10.22,USD,basic
10025,572,2025-02-17,0.0,USD,basic
11036,24,2025-02-27,36.47,EUR,pro
10913,681,2025-02-27,5.79,USD,basic
10050,576,2025-01-28,52.79,USD,basic
10815,514,2025-01-22,28.58,USD,basic
10012,43,2025-02-20,-18.12,USD,enterprise
10555,330,2025-02-09,19.46,USD,basic
10202,975,2025-01-25,53.09,EUR,enterprise
10322,978,2025-01-12,40.49,USD,basic
10438,19,2025-01-01,77.36,USD,basic
10518,470,2025-01-06,24.37,USD,basic
11058,692,2025-02-25,24.74,USD,basic
10879,429,2025-01-22,15.28,USD,basic
10530,84,2025-01-01,26.25,USD,pro
10787,42,2025-01-06,0.0,USD,pro
10237,596,2025-02-12,15.97,USD,basic
10181,74,2025-01-15,-5.73,USD,basic
10875,181,2025-01-20,-7.8,USD,basic
11046,948,2025-01-21,42.87,USD,basic
10136,85,2025-01-28,2.43,USD,basic
10936,288,2025-02-03,35.67,USD,pro
10517,320,2025-01-13,64.88,USD,basic
10931,520,2025-01-27,19.8,USD,basic
10885,939,2025-02-20,47.47,USD,basic
10316,551,2025-01-13,49.88,USD,pro
11182,122,2025-01-17,50.22,USD,basic
10561,705,2025-01-11,15.09,USD,basic
10219,,2025-01-09,35.59,USD,basic
10912,678,2025-01-10,3.14,USD,enterprise
10298,537,2025-02-05,30.02,USD,basic
10757,732,2025-02-04,12.82,USD,basic
10906,571,2025-01-22,11.82,USD,basic
11111,531,2025-02-02,56.93,USD,basic
10310,51,2025-02-24,27.44,USD,basic
10863,605,2025-01-07,30.9,USD,pro
10833,244,2025-01-10,6.05,USD,basic
10666,931,2025-02-22,1.03,USD,pro
10426,579,2025-02-17,6.17,USD,basic
11085,813,2025-02-06,27.96,USD,basic
10462,149,2025-01-31,41.65,USD,basic
10877,461,2025-01-19,11.57,USD,basic
10080,606,2025-02-08,69.08,EUR,basic
10144,993,2025-01-23,13.28,USD,pro
10623,303,2025-02-23,60.41,USD,pro
11047,374,2025-01-09,7.57,USD,basic
11009,654,2025-02-22,67.2,USD,pro
10439,651,2025-02-07,28.52,USD,pro
10354,218,2025-02-04,11.85,USD,basic
10933,901,2025-02-08,30.15,USD,basic
10007,347,2025-02-12,18.46,USD,pro
10973,432,2025-01-02,25.32,USD,basic
10909,226,2025-01-10,13.93,USD,pro
11051,614,2025-02-20,53.35,USD,basic
11172,975,2025-01-19,73.18,USD,basic
10809,112,2025-02-13,28.41,EUR,basic
10802,520,2025-01-03,57.94,USD,basic
10751,676,2025-01-08,36.3,USD,pro
10277,165,2025-02-02,35.83,USD,basic
10687,829,2025-02-23,21.92,USD,basic
10874,419,2025-01-06,30.93,EUR,pro
10200,668,2025-02-01,24.02,USD,pro
10372,40,2025-01-13,29.81,EUR,enterprise
10175,960,2025-01-04,42.39,USD,basic
10678,8,2025-02-01,23.65,USD,basic
10628,368,2025-02-12,21.01,USD,basic
10117,80,2025-01-25,25.69,USD,pro
11102,439,2025-01-07,19.33,USD,basic
10436,757,2025-01-08,74.91,USD,basic
10737,594,2025-02-15,5.86,EUR,basic
10520,40,2025-01-08,53.7,USD,basic
10739,216,2025-02-18,53.04,USD,basic
10114,69,2025-01-07,14.06,USD,pro
10497,491,2025-01-05,-5.2,USD,pro
11080,280,2025-02-27,17.19,USD,basic
10707,738,2025-01-28,9.66,EUR,basic
10256,,2025-01-06,12.17,USD,basic
10827,666,2025-01-09,13.57,USD,basic
10131,808,2025-01-15,11.6,EUR,basic
11063,951,2025-01-11,59.63,USD,basic
10526,387,2025-01-23,-12.0,USD,basic
10501,657,2025-01-14,20.36,USD,basic
10454,228,2025-02-16,13.98,USD,pro
10368,89,2025-02-01,0.0,USD,basic
10721,203,2025-01-22,10.17,USD,basic
10172,316,2025-02-19,2.48,EUR,basic
10279,,2025-02-16,16.97,USD,enterprise
10484,934,2025-01-24,34.23,USD,enterprise
11176,814,2025-02-03,95.84,USD,basic
10817,212,2025-01-07,19.47,USD,basic
10758,357,2025-02-01,73.84,USD,enterprise
10699,252,2025-01-27,14.63,EUR,basic
11103,446,2025-01-15,20.03,USD,basic
10600,964,2025-02-17,16.27,USD,basic
11144,53,2025-02-04,36.64,USD,basic
10075,726,2025-02-03,36.21,EUR,pro
10935,632,2025-01-26,-12.68,USD,basic
10727,53,2025-01-16,90.91,USD,pro
11012,963,2025-02-10,-11.72,EUR,pro
10805,230,2025-02-07,36.76,USD,basic
10251,742,2025-02-04,32.3,USD,pro
10192,917,2025-02-01,27.93,USD,pro
11078,287,2025-02-14,35.76,USD,basic
10230,326,2025-01-12,23.16,USD,basic
11055,,2025-02-16,47.45,USD,pro
10311,305,2025-01-15,26.07,EUR,basic
10210,675,2025-01-15,49.12,USD,basic
10845,,2025-01-31,15.22,USD,pro
10112,702,2025-01-18,5.26,USD,basic
10457,74,2025-01-22,10.79,EUR,basic
11136,,2025-01-20,0.0,USD,pro
10077,182,2025-02-07,22.77,USD,basic
10359,208,2025-01-29,47.68,USD,basic
10344,825,2025-01-29,24.51,USD,pro
10067,518,2025-01-15,18.81,USD,pro
10357,942,2025-02-02,7.26,EUR,pro
10214,970,2025-01-10,36.47,USD,pro
10942,292,2025-02-19,33.06,USD,basic
10966,844,2025-02-12,80.56,EUR,pro
10363,860,2025-01-14,24.87,EUR,basic
10878,700,2025-02-21,-9.62,USD,basic
10539,67,2025-01-24,31.14,USD,basic
10006,169,2025-02-13,70.68,USD,basic
11107,729,2025-01-26,20.52,EUR,basic
10325,122,2025-01-14,31.67,USD,basic
10840,244,2025-02-19,11.82,EUR,basic
10959,826,2025-01-01,100.15,USD,basic
10481,756,2025-02-15,0.0,USD,pro
10916,300,2025-02-13,-8.57,USD,basic
11073,574,2025-01-14,14.38,USD,basic
10229,418,2025-02-23,38.41,USD,basic
10268,1000,2025-02-27,14.85,USD,pro
10411,724,2025-01-21,18.26,USD,pro
10850,317,2025-01-24,25.14,USD,basic
11086,817,2025-01-18,9.33,USD,basic
10140,895,2025-02-10,18.67,USD,basic
11123,653,2025-02-08,26.72,USD,basic
10984,411,2025-02-24,7.35,USD,pro
10741,519,2025-01-15,26.92,USD,basic
10304,643,2025-02-01,22.0,USD,pro
10583,,2025-02-14,11.22,USD,basic
10305,485,2025-03-01,5.61,USD,basic
11195,979,2025-02-09,34.62,EUR,basic
10544,,2025-02-08,23.29,USD,basic
10683,720,2025-01-25,46.98,USD,basic
10383,544,2025-01-27,24.56,USD,basic
10394,19,2025-01-19,18.05,USD,pro
10968,714,2025-02-23,13.2,USD,pro
10489,111,2025-01-25,35.64,USD,basic
10719,189,2025-02-17,87.53,USD,basic
10448,570,2025-02-21,35.76,EUR,basic
11106,55,2025-02-07,41.33,USD,pro
10418,37,2025-01-02,77.05,USD,basic
10644,219,2025-01-02,35.74,USD,pro
10044,597,2025-02-17,41.09,USD,basic
11049,23,2025-02-06,20.27,EUR,pro
10015,41,2025-01-26,38.35,USD,basic
10238,267,2025-02-21,63.53,EUR,pro
10190,142,2025-02-16,34.81,USD,basic
10812,158,2025-02-24,91.23,EUR,basic
10663,339,2025-01-01,95.54,USD,basic
10030,173,2025-02-11,47.75,USD,basic
10307,,2025-02-02,16.34,USD,basic
10877,461,2025-01-19,11.57,USD,basic
10120,411,2025-02-09,11.07,EUR,basic
10655,418,2025-01-12,23.51,EUR,pro
10087,434,2025-02-05,1.29,USD,pro
10927,738,2025-01-24,40.47,USD,pro
10784,312,2025-03-01,33.77,USD,basic
10512,834,2025-02-02,11.62,USD,basic
10945,647,2025-02-23,34.39,USD,basic
11190,882,2025-02-23,28.98,USD,basic
10697,58,2025-02-02,8.46,USD,basic
10981,424,2025-02-11,40.19,USD,basic
11140,620,2025-01-01,15.01,USD,basic
10508,153,2025-02-07,36.11,USD,basic
10342,,2025-01-29,14.83,EUR,pro
10650,661,2025-02-10,21.53,USD,pro
10772,488,2025-02-01,45.49,USD,pro
10170,414,2025-01-21,74.52,USD,basic
10275,412,2025-01-03,34.15,EUR,basic
10038,16,2025-02-12,36.67,USD,basic
10377,189,2025-01-07,22.49,USD,basic
10318,46,2025-02-06,19.17,USD,basic
10280,219,2025-02-24,56.72,USD,basic
10396,357,2025-02-01,20.92,USD,basic
10905,849,2025-03-01,7.49,USD,basic
11035,834,2025-01-01,39.43,USD,basic
10252,192,2025-02-27,-3.9,USD,basic
10688,876,2025-02-01,29.98,USD,basic
10947,544,2025-02-18,6.14,USD,basic
10788,733,2025-02-14,18.88,USD,basic
10987,,2025-02-18,9.08,EUR,basic
10908,488,2025-01-31,0.0,EUR,pro
10160,808,2025-02-24,6.72,USD,basic
10601,551,2025-01-21,22.14,EUR,pro
11073,574,2025-01-14,14.38,USD,basic
10752,161,2025-01-22,14.29,USD,pro
10320,549,2025-01-17,25.26,USD,basic
10222,187,2025-02-28,12.64,USD,pro
10379,720,2025-01-05,5.69,EUR,basic
11148,876,2025-01-15,39.56,EUR,pro
10264,180,2025-01-09,35.65,USD,basic
10053,439,2025-03-01,36.96,USD,pro
11050,634,2025-02-20,53.36,USD,basic
10345,180,2025-01-18,7.52,USD,basic
10309,682,2025-01-05,11.82,USD,pro
10364,605,2025-02-05,9.21,USD,pro
10417,215,2025-01-29,31.14,USD,basic
10397,766,2025-01-12,30.24,USD,basic
10996,749,2025-02-06,28.04,USD,pro
10770,265,2025-01-26,22.3,USD,basic
10689,374,2025-02-25,45.86,USD,basic
10034,591,2025-01-12,39.05,USD,basic
10616,488,2025-01-17,0.0,EUR,pro
10461,143,2025-02-15,16.24,USD,basic
11044,328,2025-02-09,-8.83,USD,pro
10957,3,2025-02-04,23.65,USD,basic
10978,388,2025-01-09,18.26,USD,enterprise
10122,488,2025-01-03,26.59,USD,basic
10967,93,2025-03-01,-25.52,EUR,pro
10483,272,2025-01-31,71.24,USD,pro
10103,444,2025-01-29,54.23,USD,basic
10580,839,2025-01-03,32.44,USD,pro
10527,152,2025-01-07,43.12,USD,pro
10951,274,2025-02-08,13.53,USD,basic
10560,441,2025-02-28,12.39,USD,pro
10914,19,2025-02-05,42.61,USD,pro
10178,750,2025-02-24,116.02,USD,basic
10524,148,2025-02-05,15.22,EUR,basic
10381,848,2025-01-18,108.24,USD,basic
11130,217,2025-01-27,77.66,USD,enterprise
10865,794,2025-02-07,30.61,USD,basic
11139,669,2025-01-10,37.94,USD,basic
10126,154,2025-01-10,57.01,USD,enterprise
10675,561,2025-01-18,9.78,USD,pro
10084,626,2025-02-19,48.31,USD,basic
10782,489,2025-02-07,43.73,USD,basic
10939,613,2025-02-20,6.88,EUR,basic
10065,988,2025-02-18,95.24,USD,basic
10125,437,2025-02-16,0.0,USD,basic
10897,274,2025-02-23,18.66,USD,pro
11099,579,2025-01-23,50.07,USD,basic
10052,56,2025-02-12,16.32,USD,enterprise
10021,364,2025-02-15,25.24,USD,basic
10662,37,2025-01-13,-7.71,EUR,basic
10768,151,2025-02-27,37.92,USD,basic
10259,198,2025-01-03,40.8,USD,pro
10152,730,2025-02-25,16.61,EUR,basic
10896,656,2025-01-19,55.1,USD,basic
10834,512,2025-01-25,26.94,USD,pro
10639,61,2025-01-08,15.88,USD,basic
11163,148,2025-01-15,-8.86,USD,basic
10591,782,2025-02-25,6.02,USD,basic
10636,788,2025-02-24,96.19,EUR,enterprise
11150,101,2025-01-10,53.02,EUR,pro
11002,744,2025-01-16,36.45,EUR,basic
10373,,2025-01-02,19.98,USD,basic
10449,871,2025-02-22,-4.85,USD,basic
10873,154,2025-03-01,42.67,USD,basic
10330,17,2025-01-29,48.39,USD,pro
10847,106,2025-02-16,7.93,USD,basic
10539,67,2025-01-24,31.14,USD,basic
10375,450,2025-01-25,20.76,EUR,basic
10793,137,2025-02-14,36.54,USD,pro
10447,180,2025-01-06,24.95,USD,basic
10709,918,2025-02-05,42.27,USD,pro
10529,608,2025-01-21,10.89,USD,pro
10284,240,2025-02-03,6.49,USD,basic
10820,218,2025-01-30,64.2,USD,pro
11143,171,2025-01-04,52.54,USD,basic
10859,413,2025-02-25,56.62,USD,basic
11089,137,2025-02-22,20.53,USD,basic
10807,936,2025-02-20,32.0,EUR,pro
10467,979,2025-02-19,15.69,USD,basic
10494,415,2025-01-02,9.87,EUR,basic
10215,988,2025-02-07,20.22,USD,basic
10348,697,2025-01-17,1.32,EUR,basic
10115,184,2025-01-28,18.42,USD,basic
10137,389,2025-02-14,21.67,USD,basic
10129,394,2025-02-20,21.75,USD,enterprise
10864,191,2025-02-18,21.7,USD,basic
11007,61,2025-02-04,26.12,USD,basic
11147,939,2025-01-21,59.16,USD,pro
10416,535,2025-01-19,30.28,USD,basic
10270,287,2025-02-03,14.89,USD,pro
10511,727,2025-02-10,60.09,EUR,basic
11196,558,2025-02-21,19.06,USD,basic
10835,225,2025-01-18,35.24,EUR,basic
10002,729,2025-02-21,27.36,EUR,basic
10390,324,2025-01-05,36.87,USD,basic
10069,654,2025-02-21,6.85,USD,basic
10750,173,2025-01-26,14.01,USD,basic
10573,632,2025-01-07,15.55,USD,basic
10553,759,2025-02-01,17.98,USD,basic
10488,176,2025-02-10,15.79,USD,basic
10955,269,2025-02-08,25.42,USD,basic
10431,544,2025-02-20,12.48,EUR,basic
10213,579,2025-01-31,70.21,USD,pro
11039,128,2025-01-26,19.14,USD,basic
10848,,2025-01-14,10.56,USD,basic
10746,125,2025-01-24,20.73,USD,pro
10195,983,2025-02-17,14.33,USD,basic
10163,895,2025-01-03,5.85,USD,basic
10714,379,2025-03-01,19.45,USD,basic
10976,529,2025-01-26,-6.91,USD,basic
10297,763,2025-02-10,22.27,EUR,pro
10700,688,2025-02-02,30.51,USD,basic
10593,640,2025-01-29,35.46,USD,basic
10995,827,2025-02-19,23.06,USD,basic
10997,301,2025-02-10,19.44,USD,basic
10918,671,2025-02-12,16.36,USD,basic
10595,975,2025-02-11,40.29,USD,basic
10854,32,2025-02-24,9.67,USD,basic
11066,106,2025-01-27,9.31,USD,basic
10521,197,2025-02-24,9.79,USD,basic
10500,785,2025-02-03,30.93,USD,basic
10470,801,2025-02-23,79.99,USD,basic
10452,785,2025-02-16,41.86,USD,basic
10738,681,2025-01-20,31.55,EUR,pro
10028,202,2025-02-22,5.13,USD,basic
11171,668,2025-02-07,19.93,USD,basic
10548,396,2025-01-11,0.0,USD,pro
10124,947,2025-01-07,41.05,USD,basic
10895,,2025-02-12,-46.73,USD,basic
10385,667,2025-02-11,9.36,USD,basic
10423,799,2025-01-05,6.44,USD,basic
10491,657,2025-01-31,-32.17,USD,basic
10713,872,2025-02-07,24.78,USD,basic
10993,851,2025-02-25,57.35,EUR,basic
10844,100,2025-01-22,6.14,USD,basic
10204,698,2025-02-14,42.09,USD,basic
10635,511,2025-01-18,36.13,USD,pro
10929,889,2025-03-01,7.64,USD,pro
10695,623,2025-02-02,26.11,USD,pro
10421,519,2025-01-29,13.28,USD,pro
11069,237,2025-02-05,7.38,USD,basic
10378,931,2025-01-11,-35.66,USD,pro
11098,10,2025-01-08,11.28,USD,basic
10528,726,2025-01-31,22.06,USD,basic
10350,511,2025-01-12,49.61,USD,pro
11006,606,2025-02-20,59.1,USD,basic
10273,513,2025-01-12,55.7,USD,basic
10455,926,2025-01-11,-14.0,USD,basic
11109,246,2025-02-28,28.58,EUR,basic
10179,378,2025-02-03,60.68,USD,enterprise
10393,155,2025-01-11,7.45,USD,basic
10406,194,2025-02-15,23.98,USD,basic
10775,905,2025-02-02,61.97,USD,basic
10473,924,2025-01-02,31.65,USD,basic
10535,442,2025-02-06,-36.21,USD,basic
10483,272,2025-01-31,71.24,USD,pro
10570,592,2025-02-15,46.5,USD,pro
10661,78,2025-01-31,35.52,EUR,pro
11167,349,2025-01-21,44.48,USD,basic
10818,543,2025-01-16,23.84,USD,basic
10096,410,2025-01-26,-27.0,USD,basic
10241,77,2025-02-03,-26.85,USD,basic
10388,989,2025-01-26,28.9,USD,basic
10855,867,2025-01-28,21.98,USD,basic
10127,614,2025-02-13,47.79,USD,basic
10562,116,2025-01-28,31.21,EUR,basic
10744,796,2025-01-04,30.13,USD,basic
10432,125,2025-02-04,18.75,USD,basic
10673,729,2025-01-30,51.18,USD,enterprise
10803,415,2025-01-15,27.99,USD,basic
10209,157,2025-01-03,39.56,USD,pro
10767,918,2025-01-26,16.34,EUR,basic
10691,897,2025-02-19,47.61,EUR,pro
10391,820,2025-01-16,63.69,USD,pro
11155,470,2025-02-02,39.5,USD,basic
10592,796,2025-01-12,56.38,USD,pro
10605,641,2025-02-23,34.07,USD,basic
10110,864,2025-01-18,3.0,USD,pro
10910,577,2025-01-10,0.75,EUR,basic
10804,893,2025-02-18,80.92,USD,basic
11088,876,2025-02-18,28.21,USD,pro
10029,274,2025-02-17,11.71,USD,pro
10287,,2025-02-12,8.93,USD,pro
10766,57,2025-01-19,83.32,USD,pro
10164,940,2025-01-21,34.3,USD,enterprise
10602,726,2025-01-23,54.56,USD,basic
11137,33,2025-02-21,18.63,USD,pro
10723,913,2025-01-11,24.76,USD,pro
10091,517,2025-02-22,47.66,USD,enterprise
10244,874,2025-01-15,-8.77,USD,basic
11038,746,2025-01-08,13.73,USD,basic
10153,116,2025-01-15,10.39,USD,pro
11191,613,2025-01-26,23.75,USD,basic
10806,629,2025-01-24,153.26,USD,basic
10335,418,2025-02-22,57.2,USD,basic
10295,802,2025-01-19,42.49,USD,basic
10830,349,2025-01-30,77.06,USD,basic
10701,239,2025-02-02,21.66,EUR,pro
10975,629,2025-02-20,19.48,USD,basic
10022,44,2025-01-31,32.25,USD,basic
10041,231,2025-01-29,6.2,USD,basic
10045,924,2025-02-08,25.82,USD,basic
11156,9,2025-01-20,29.53,USD,pro
10624,285,2025-01-15,8.04,USD,basic
10042,269,2025-02-16,33.03,USD,basic
10408,378,2025-02-08,-23.51,USD,pro
10799,258,2025-02-20,18.41,USD,basic
10099,620,2025-01-31,68.11,USD,basic
11200,328,2025-01-06,0.0,USD,pro
10882,814,2025-02-01,8.14,USD,basic
10098,879,2025-01-11,21.94,USD,pro
10941,364,2025-02-17,27.79,USD,basic
11100,374,2025-02-19,28.93,USD,basic
11108,939,2025-02-07,66.51,USD,pro
10171,404,2025-01-09,7.9,EUR,basic
11011,102,2025-02-06,49.36,USD,basic
10563,332,2025-02-02,20.14,USD,basic
10810,313,2025-02-05,17.91,EUR,enterprise
10419,401,2025-02-06,35.43,USD,basic
10513,520,2025-01-29,-32.56,USD,basic
10531,69,2025-02-15,32.12,USD,basic
10614,544,2025-02-01,30.47,USD,basic
10674,307,2025-01-02,10.55,USD,pro
10686,659,2025-01-27,29.17,USD,basic
10552,465,2025-02-24,15.59,USD,basic
10892,38,2025-02-24,43.67,EUR,pro
10258,529,2025-01-26,22.87,USD,basic
10498,675,2025-01-27,30.54,EUR,basic
10798,498,2025-01-12,34.95,USD,basic
11023,312,2025-02-28,34.21,USD,basic
10503,476,2025-02-06,106.46,EUR,pro
10749,148,2025-02-06,55.32,USD,basic
10956,955,2025-02-07,6.03,EUR,basic
10272,107,2025-01-25,52.58,EUR,basic
10608,750,2025-01-29,47.61,USD,basic
10435,864,2025-02-04,40.19,USD,basic
10677,104,2025-02-16,44.3,USD,basic
10482,77,2025-02-15,13.21,USD,basic
10024,947,2025-01-12,36.34,EUR,basic
10789,10,2025-01-31,11.75,USD,basic
10904,340,2025-02-09,16.91,USD,basic
10722,101,2025-01-23,29.09,USD,basic
10926,175,2025-02-18,-2.67,USD,basic
10490,81,2025-01-29,27.99,EUR,pro
10920,438,2025-01-19,21.73,USD,basic
10647,951,2025-02-23,-9.51,USD,basic
10474,891,2025-01-31,29.25,USD,pro
11092,944,2025-01-09,28.24,USD,basic
10314,754,2025-02-21,11.94,USD,basic
10861,298,2025-02-24,36.53,EUR,basic
10088,741,2025-01-17,-6.57,USD,enterprise
10374,959,2025-02-21,4.71,USD,pro
10356,345,2025-02-16,27.85,USD,basic
10271,772,2025-01-10,21.31,USD,basic
10837,137,2025-02-26,7.37,USD,pro
10329,311,2025-02-01,22.17,USD,basic
10362,916,2025-02-28,60.45,USD,basic
10582,260,2025-02-19,10.95,USD,pro
10101,589,2025-02-09,101.23,USD,basic
10387,486,2025-02-04,33.42,EUR,basic
10822,663,2025-02-17,80.38,USD,basic
10705,809,2025-01-15,10.54,EUR,basic
10742,423,2025-02-08,31.35,USD,basic
10519,913,2025-01-02,11.5,USD,enterprise
10672,393,2025-02-09,69.38,USD,basic
10100,275,2025-01-01,43.84,USD,basic
10119,633,2025-02-21,34.19,USD,basic
10566,485,2025-01-08,40.82,USD,basic
10930,808,2025-01-04,9.08,USD,basic
11071,243,2025-01-28,11.41,USD,basic
10480,972,2025-02-24,-15.67,USD,basic
10260,130,2025-02-02,18.39,USD,basic
10671,32,2025-01-29,8.82,USD,basic
10031,970,2025-02-21,28.84,USD,pro
10753,679,2025-02-21,34.85,USD,enterprise
10970,858,2025-01-11,31.89,USD,basic
10894,986,2025-01-23,43.78,EUR,basic
10641,358,2025-01-08,7.36,USD,pro
10062,634,2025-01-04,15.15,USD,basic
11152,969,2025-01-11,15.1,USD,basic
10215,988,2025-02-07,20.22,USD,basic
10059,339,2025-01-24,11.84,USD,pro
10401,284,2025-01-26,28.1,USD,basic
10141,892,2025-02-23,28.06,USD,basic
11183,677,2025-01-01,15.79,USD,basic
11041,377,2025-01-11,12.42,USD,basic
11185,342,2025-02-24,-28.67,USD,basic
10574,702,2025-02-04,3.48,USD,pro
10017,733,2025-02-04,12.04,USD,basic
10064,495,2025-01-01,10.6,USD,basic
11142,49,2025-01-11,14.13,USD,basic
10536,970,2025-01-18,30.57,USD,basic
10444,319,2025-01-01,39.13,USD,basic
10093,906,2025-02-02,5.3,EUR,pro
10081,357,2025-02-24,17.32,USD,pro
10706,818,2025-01-29,13.91,USD,basic
10413,924,2025-02-26,30.13,USD,pro
10898,976,2025-01-31,9.71,USD,enterprise
10201,885,2025-01-10,29.05,USD,basic
11193,551,2025-02-19,18.3,USD,basic
11004,976,2025-02-22,44.74,USD,basic
10771,473,2025-01-07,71.33,EUR,basic
11021,762,2025-02-21,116.06,USD,pro
10887,362,2025-02-07,7.93,USD,pro
10633,951,2025-01-08,34.69,USD,basic
10969,694,2025-01-26,12.91,USD,basic
10627,516,2025-01-21,-11.85,USD,basic
11049,23,2025-02-06,20.27,EUR,pro
10336,746,2025-01-17,17.0,USD,basic
11084,1,2025-01-04,7.65,EUR,basic
10611,614,2025-02-23,11.7,USD,pro
10791,968,2025-02-17,55.6,USD,pro
10824,527,2025-01-01,42.7,USD,basic
10800,473,2025-01-17,14.2,USD,pro
10545,981,2025-01-02,11.01,USD,pro
11097,464,2025-01-12,9.62,USD,pro
10643,461,2025-02-13,9.74,USD,basic
10748,877,2025-01-11,12.25,USD,basic
10977,833,2025-01-12,34.34,USD,basic
10412,180,2025-02-16,50.92,USD,basic
10659,906,2025-02-19,40.39,USD,basic
10404,901,2025-01-05,25.39,USD,basic
10443,159,2025-02-14,15.01,USD,basic
10838,882,2025-01-31,81.85,USD,pro
10921,926,2025-02-12,43.71,USD,basic
